24,15,21,49,-52,-2,-43,39,40,-4,24,-31
15,21,49,-52,-2,-43,39,40,-4,24,-31,-4
21,49,-52,-2,-43,39,40,-4,24,-31,-4,28
49,-52,-2,-43,39,40,-4,24,-31,-4,28,-53
-52,-2,-43,39,40,-4,24,-31,-4,28,-53,-19
-2,-43,39,40,-4,24,-31,-4,28,-53,-19,18
-43,39,40,-4,24,-31,-4,28,-53,-19,18,15
39,40,-4,24,-31,-4,28,-53,-19,18,15,33
40,-4,24,-31,-4,28,-53,-19,18,15,33,-41
-4,24,-31,-4,28,-53,-19,18,15,33,-41,46
24,-31,-4,28,-53,-19,18,15,33,-41,46,-1
-31,-4,28,-53,-19,18,15,33,-41,46,-1,-13
-4,28,-53,-19,18,15,33,-41,46,-1,-13,-7
28,-53,-19,18,15,33,-41,46,-1,-13,-7,8
-53,-19,18,15,33,-41,46,-1,-13,-7,8,42
-19,18,15,33,-41,46,-1,-13,-7,8,42,18
18,15,33,-41,46,-1,-13,-7,8,42,18,43
15,33,-41,46,-1,-13,-7,8,42,18,43,-18
33,-41,46,-1,-13,-7,8,42,18,43,-18,-9
-41,46,-1,-13,-7,8,42,18,43,-18,-9,15
46,-1,-13,-7,8,42,18,43,-18,-9,15,-2
-1,-13,-7,8,42,18,43,-18,-9,15,-2,59
-13,-7,8,42,18,43,-18,-9,15,-2,59,-1
-7,8,42,18,43,-18,-9,15,-2,59,-1,-16
8,42,18,43,-18,-9,15,-2,59,-1,-16,-14
42,18,43,-18,-9,15,-2,59,-1,-16,-14,-43
18,43,-18,-9,15,-2,59,-1,-16,-14,-43,48
43,-18,-9,15,-2,59,-1,-16,-14,-43,48,-36
-18,-9,15,-2,59,-1,-16,-14,-43,48,-36,-13
-9,15,-2,59,-1,-16,-14,-43,48,-36,-13,39
15,-2,59,-1,-16,-14,-43,48,-36,-13,39,26
-2,59,-1,-16,-14,-43,48,-36,-13,39,26,-39
59,-1,-16,-14,-43,48,-36,-13,39,26,-39,2
-1,-16,-14,-43,48,-36,-13,39,26,-39,2,4
-16,-14,-43,48,-36,-13,39,26,-39,2,4,21
-14,-43,48,-36,-13,39,26,-39,2,4,21,-14
-43,48,-36,-13,39,26,-39,2,4,21,-14,17
48,-36,-13,39,26,-39,2,4,21,-14,17,25
-36,-13,39,26,-39,2,4,21,-14,17,25,6
-13,39,26,-39,2,4,21,-14,17,25,6,6
39,26,-39,2,4,21,-14,17,25,6,6,-24
26,-39,2,4,21,-14,17,25,6,6,-24,6
-39,2,4,21,-14,17,25,6,6,-24,6,-2
2,4,21,-14,17,25,6,6,-24,6,-2,-8
4,21,-14,17,25,6,6,-24,6,-2,-8,23
21,-14,17,25,6,6,-24,6,-2,-8,23,-11
-14,17,25,6,6,-24,6,-2,-8,23,-11,-41
17,25,6,6,-24,6,-2,-8,23,-11,-41,-42
25,6,6,-24,6,-2,-8,23,-11,-41,-42,38
6,6,-24,6,-2,-8,23,-11,-41,-42,38,-10
6,-24,6,-2,-8,23,-11,-41,-42,38,-10,-3
-24,6,-2,-8,23,-11,-41,-42,38,-10,-3,3
6,-2,-8,23,-11,-41,-42,38,-10,-3,3,24
-2,-8,23,-11,-41,-42,38,-10,-3,3,24,24
-8,23,-11,-41,-42,38,-10,-3,3,24,24,-1
23,-11,-41,-42,38,-10,-3,3,24,24,-1,1
-11,-41,-42,38,-10,-3,3,24,24,-1,1,16
-41,-42,38,-10,-3,3,24,24,-1,1,16,1
-42,38,-10,-3,3,24,24,-1,1,16,1,31
38,-10,-3,3,24,24,-1,1,16,1,31,-1
-10,-3,3,24,24,-1,1,16,1,31,-1,38
-3,3,24,24,-1,1,16,1,31,-1,38,32
3,24,24,-1,1,16,1,31,-1,38,32,-1
24,24,-1,1,16,1,31,-1,38,32,-1,-34
24,-1,1,16,1,31,-1,38,32,-1,-34,-36
-1,1,16,1,31,-1,38,32,-1,-34,-36,7
1,16,1,31,-1,38,32,-1,-34,-36,7,-11
16,1,31,-1,38,32,-1,-34,-36,7,-11,21
1,31,-1,38,32,-1,-34,-36,7,-11,21,9
31,-1,38,32,-1,-34,-36,7,-11,21,9,20
-1,38,32,-1,-34,-36,7,-11,21,9,20,0
38,32,-1,-34,-36,7,-11,21,9,20,0,25
32,-1,-34,-36,7,-11,21,9,20,0,25,-31
-1,-34,-36,7,-11,21,9,20,0,25,-31,-4
-34,-36,7,-11,21,9,20,0,25,-31,-4,16
-36,7,-11,21,9,20,0,25,-31,-4,16,10
7,-11,21,9,20,0,25,-31,-4,16,10,-7
-11,21,9,20,0,25,-31,-4,16,10,-7,-2
21,9,20,0,25,-31,-4,16,10,-7,-2,28
9,20,0,25,-31,-4,16,10,-7,-2,28,-13
20,0,25,-31,-4,16,10,-7,-2,28,-13,-2
0,25,-31,-4,16,10,-7,-2,28,-13,-2,15
25,-31,-4,16,10,-7,-2,28,-13,-2,15,-8
-31,-4,16,10,-7,-2,28,-13,-2,15,-8,-9
-4,16,10,-7,-2,28,-13,-2,15,-8,-9,-5
16,10,-7,-2,28,-13,-2,15,-8,-9,-5,28
10,-7,-2,28,-13,-2,15,-8,-9,-5,28,-12
-7,-2,28,-13,-2,15,-8,-9,-5,28,-12,-1
-2,28,-13,-2,15,-8,-9,-5,28,-12,-1,22
28,-13,-2,15,-8,-9,-5,28,-12,-1,22,-1
-13,-2,15,-8,-9,-5,28,-12,-1,22,-1,-27
-2,15,-8,-9,-5,28,-12,-1,22,-1,-27,-11
15,-8,-9,-5,28,-12,-1,22,-1,-27,-11,5
-8,-9,-5,28,-12,-1,22,-1,-27,-11,5,15
-9,-5,28,-12,-1,22,-1,-27,-11,5,15,4
-5,28,-12,-1,22,-1,-27,-11,5,15,4,-19
28,-12,-1,22,-1,-27,-11,5,15,4,-19,-8
-12,-1,22,-1,-27,-11,5,15,4,-19,-8,-31
-1,22,-1,-27,-11,5,15,4,-19,-8,-31,12
22,-1,-27,-11,5,15,4,-19,-8,-31,12,-2
-1,-27,-11,5,15,4,-19,-8,-31,12,-2,-1
-27,-11,5,15,4,-19,-8,-31,12,-2,-1,-20
-11,5,15,4,-19,-8,-31,12,-2,-1,-20,7
5,15,4,-19,-8,-31,12,-2,-1,-20,7,-10
15,4,-19,-8,-31,12,-2,-1,-20,7,-10,9
4,-19,-8,-31,12,-2,-1,-20,7,-10,9,25
-19,-8,-31,12,-2,-1,-20,7,-10,9,25,9
-8,-31,12,-2,-1,-20,7,-10,9,25,9,-11
-31,12,-2,-1,-20,7,-10,9,25,9,-11,-8
12,-2,-1,-20,7,-10,9,25,9,-11,-8,-24
-2,-1,-20,7,-10,9,25,9,-11,-8,-24,-8
-1,-20,7,-10,9,25,9,-11,-8,-24,-8,8
-20,7,-10,9,25,9,-11,-8,-24,-8,8,11
7,-10,9,25,9,-11,-8,-24,-8,8,11,-25
-10,9,25,9,-11,-8,-24,-8,8,11,-25,13
9,25,9,-11,-8,-24,-8,8,11,-25,13,-8
25,9,-11,-8,-24,-8,8,11,-25,13,-8,15
9,-11,-8,-24,-8,8,11,-25,13,-8,15,8
-11,-8,-24,-8,8,11,-25,13,-8,15,8,-9
-8,-24,-8,8,11,-25,13,-8,15,8,-9,-3
-24,-8,8,11,-25,13,-8,15,8,-9,-3,2
-8,8,11,-25,13,-8,15,8,-9,-3,2,0
8,11,-25,13,-8,15,8,-9,-3,2,0,-10
11,-25,13,-8,15,8,-9,-3,2,0,-10,-8
-25,13,-8,15,8,-9,-3,2,0,-10,-8,20
13,-8,15,8,-9,-3,2,0,-10,-8,20,8
-8,15,8,-9,-3,2,0,-10,-8,20,8,-7
15,8,-9,-3,2,0,-10,-8,20,8,-7,-10
8,-9,-3,2,0,-10,-8,20,8,-7,-10,7
-9,-3,2,0,-10,-8,20,8,-7,-10,7,18
-3,2,0,-10,-8,20,8,-7,-10,7,18,12
2,0,-10,-8,20,8,-7,-10,7,18,12,-10
0,-10,-8,20,8,-7,-10,7,18,12,-10,-26
-10,-8,20,8,-7,-10,7,18,12,-10,-26,-12
-8,20,8,-7,-10,7,18,12,-10,-26,-12,3
20,8,-7,-10,7,18,12,-10,-26,-12,3,-15
8,-7,-10,7,18,12,-10,-26,-12,3,-15,2
-7,-10,7,18,12,-10,-26,-12,3,-15,2,8
-10,7,18,12,-10,-26,-12,3,-15,2,8,-19
7,18,12,-10,-26,-12,3,-15,2,8,-19,19
18,12,-10,-26,-12,3,-15,2,8,-19,19,-13
12,-10,-26,-12,3,-15,2,8,-19,19,-13,1
-10,-26,-12,3,-15,2,8,-19,19,-13,1,3
-26,-12,3,-15,2,8,-19,19,-13,1,3,16
-12,3,-15,2,8,-19,19,-13,1,3,16,20
3,-15,2,8,-19,19,-13,1,3,16,20,-15
-15,2,8,-19,19,-13,1,3,16,20,-15,18
2,8,-19,19,-13,1,3,16,20,-15,18,1
8,-19,19,-13,1,3,16,20,-15,18,1,-7
-19,19,-13,1,3,16,20,-15,18,1,-7,2
19,-13,1,3,16,20,-15,18,1,-7,2,-38
-13,1,3,16,20,-15,18,1,-7,2,-38,12
1,3,16,20,-15,18,1,-7,2,-38,12,12
3,16,20,-15,18,1,-7,2,-38,12,12,-4
16,20,-15,18,1,-7,2,-38,12,12,-4,-1
20,-15,18,1,-7,2,-38,12,12,-4,-1,15
-15,18,1,-7,2,-38,12,12,-4,-1,15,-1
18,1,-7,2,-38,12,12,-4,-1,15,-1,-10
1,-7,2,-38,12,12,-4,-1,15,-1,-10,2
-7,2,-38,12,12,-4,-1,15,-1,-10,2,9
2,-38,12,12,-4,-1,15,-1,-10,2,9,-1
-38,12,12,-4,-1,15,-1,-10,2,9,-1,2
12,12,-4,-1,15,-1,-10,2,9,-1,2,10
12,-4,-1,15,-1,-10,2,9,-1,2,10,14
-4,-1,15,-1,-10,2,9,-1,2,10,14,20
-1,15,-1,-10,2,9,-1,2,10,14,20,12
15,-1,-10,2,9,-1,2,10,14,20,12,9
-1,-10,2,9,-1,2,10,14,20,12,9,-12
-10,2,9,-1,2,10,14,20,12,9,-12,1
2,9,-1,2,10,14,20,12,9,-12,1,13
9,-1,2,10,14,20,12,9,-12,1,13,-17
-1,2,10,14,20,12,9,-12,1,13,-17,-1
2,10,14,20,12,9,-12,1,13,-17,-1,-16
10,14,20,12,9,-12,1,13,-17,-1,-16,1
14,20,12,9,-12,1,13,-17,-1,-16,1,4
20,12,9,-12,1,13,-17,-1,-16,1,4,-14
12,9,-12,1,13,-17,-1,-16,1,4,-14,-15
9,-12,1,13,-17,-1,-16,1,4,-14,-15,0
-12,1,13,-17,-1,-16,1,4,-14,-15,0,-6
1,13,-17,-1,-16,1,4,-14,-15,0,-6,10
13,-17,-1,-16,1,4,-14,-15,0,-6,10,15
-17,-1,-16,1,4,-14,-15,0,-6,10,15,1
-1,-16,1,4,-14,-15,0,-6,10,15,1,24
-16,1,4,-14,-15,0,-6,10,15,1,24,9
1,4,-14,-15,0,-6,10,15,1,24,9,-9
4,-14,-15,0,-6,10,15,1,24,9,-9,13
-14,-15,0,-6,10,15,1,24,9,-9,13,-9
-15,0,-6,10,15,1,24,9,-9,13,-9,-9
0,-6,10,15,1,24,9,-9,13,-9,-9,18
-6,10,15,1,24,9,-9,13,-9,-9,18,-5
10,15,1,24,9,-9,13,-9,-9,18,-5,2
15,1,24,9,-9,13,-9,-9,18,-5,2,0
1,24,9,-9,13,-9,-9,18,-5,2,0,-5
24,9,-9,13,-9,-9,18,-5,2,0,-5,-5
9,-9,13,-9,-9,18,-5,2,0,-5,-5,-4
-9,13,-9,-9,18,-5,2,0,-5,-5,-4,2
13,-9,-9,18,-5,2,0,-5,-5,-4,2,13
-9,-9,18,-5,2,0,-5,-5,-4,2,13,20
-9,18,-5,2,0,-5,-5,-4,2,13,20,3
18,-5,2,0,-5,-5,-4,2,13,20,3,-15
-5,2,0,-5,-5,-4,2,13,20,3,-15,6
2,0,-5,-5,-4,2,13,20,3,-15,6,-16
0,-5,-5,-4,2,13,20,3,-15,6,-16,11
-5,-5,-4,2,13,20,3,-15,6,-16,11,31
-5,-4,2,13,20,3,-15,6,-16,11,31,-22
-4,2,13,20,3,-15,6,-16,11,31,-22,22
2,13,20,3,-15,6,-16,11,31,-22,22,-28
13,20,3,-15,6,-16,11,31,-22,22,-28,12
20,3,-15,6,-16,11,31,-22,22,-28,12,-23
3,-15,6,-16,11,31,-22,22,-28,12,-23,17
-15,6,-16,11,31,-22,22,-28,12,-23,17,-4
6,-16,11,31,-22,22,-28,12,-23,17,-4,0
-16,11,31,-22,22,-28,12,-23,17,-4,0,27
11,31,-22,22,-28,12,-23,17,-4,0,27,-5
31,-22,22,-28,12,-23,17,-4,0,27,-5,-12
-22,22,-28,12,-23,17,-4,0,27,-5,-12,-3
22,-28,12,-23,17,-4,0,27,-5,-12,-3,-7
-28,12,-23,17,-4,0,27,-5,-12,-3,-7,-6
12,-23,17,-4,0,27,-5,-12,-3,-7,-6,-8
-23,17,-4,0,27,-5,-12,-3,-7,-6,-8,2
17,-4,0,27,-5,-12,-3,-7,-6,-8,2,6
-4,0,27,-5,-12,-3,-7,-6,-8,2,6,8
0,27,-5,-12,-3,-7,-6,-8,2,6,8,-2
27,-5,-12,-3,-7,-6,-8,2,6,8,-2,-16
-5,-12,-3,-7,-6,-8,2,6,8,-2,-16,5
-12,-3,-7,-6,-8,2,6,8,-2,-16,5,16
-3,-7,-6,-8,2,6,8,-2,-16,5,16,19
-7,-6,-8,2,6,8,-2,-16,5,16,19,-4
-6,-8,2,6,8,-2,-16,5,16,19,-4,-16
-8,2,6,8,-2,-16,5,16,19,-4,-16,-1
2,6,8,-2,-16,5,16,19,-4,-16,-1,-10
6,8,-2,-16,5,16,19,-4,-16,-1,-10,-3
8,-2,-16,5,16,19,-4,-16,-1,-10,-3,11
-2,-16,5,16,19,-4,-16,-1,-10,-3,11,8
-16,5,16,19,-4,-16,-1,-10,-3,11,8,-8
5,16,19,-4,-16,-1,-10,-3,11,8,-8,3
16,19,-4,-16,-1,-10,-3,11,8,-8,3,0
19,-4,-16,-1,-10,-3,11,8,-8,3,0,12
-4,-16,-1,-10,-3,11,8,-8,3,0,12,-2
-16,-1,-10,-3,11,8,-8,3,0,12,-2,-9
-1,-10,-3,11,8,-8,3,0,12,-2,-9,3
-10,-3,11,8,-8,3,0,12,-2,-9,3,7
-3,11,8,-8,3,0,12,-2,-9,3,7,0
11,8,-8,3,0,12,-2,-9,3,7,0,-5
8,-8,3,0,12,-2,-9,3,7,0,-5,-2
-8,3,0,12,-2,-9,3,7,0,-5,-2,-3
3,0,12,-2,-9,3,7,0,-5,-2,-3,0
0,12,-2,-9,3,7,0,-5,-2,-3,0,14
12,-2,-9,3,7,0,-5,-2,-3,0,14,0
-2,-9,3,7,0,-5,-2,-3,0,14,0,1
-9,3,7,0,-5,-2,-3,0,14,0,1,0
3,7,0,-5,-2,-3,0,14,0,1,0,-1
7,0,-5,-2,-3,0,14,0,1,0,-1,3
0,-5,-2,-3,0,14,0,1,0,-1,3,-3
-5,-2,-3,0,14,0,1,0,-1,3,-3,9
-2,-3,0,14,0,1,0,-1,3,-3,9,-1
-3,0,14,0,1,0,-1,3,-3,9,-1,-9
0,14,0,1,0,-1,3,-3,9,-1,-9,9
14,0,1,0,-1,3,-3,9,-1,-9,9,3
0,1,0,-1,3,-3,9,-1,-9,9,3,-3
1,0,-1,3,-3,9,-1,-9,9,3,-3,-2
0,-1,3,-3,9,-1,-9,9,3,-3,-2,4
-1,3,-3,9,-1,-9,9,3,-3,-2,4,2
3,-3,9,-1,-9,9,3,-3,-2,4,2,-7
-3,9,-1,-9,9,3,-3,-2,4,2,-7,2
9,-1,-9,9,3,-3,-2,4,2,-7,2,-7
-1,-9,9,3,-3,-2,4,2,-7,2,-7,-20
-9,9,3,-3,-2,4,2,-7,2,-7,-20,-1
9,3,-3,-2,4,2,-7,2,-7,-20,-1,-17
3,-3,-2,4,2,-7,2,-7,-20,-1,-17,9
-3,-2,4,2,-7,2,-7,-20,-1,-17,9,-6
-2,4,2,-7,2,-7,-20,-1,-17,9,-6,9
4,2,-7,2,-7,-20,-1,-17,9,-6,9,1
2,-7,2,-7,-20,-1,-17,9,-6,9,1,-8
-7,2,-7,-20,-1,-17,9,-6,9,1,-8,2
2,-7,-20,-1,-17,9,-6,9,1,-8,2,-1
-7,-20,-1,-17,9,-6,9,1,-8,2,-1,6
-20,-1,-17,9,-6,9,1,-8,2,-1,6,2
-1,-17,9,-6,9,1,-8,2,-1,6,2,-11
-17,9,-6,9,1,-8,2,-1,6,2,-11,5
9,-6,9,1,-8,2,-1,6,2,-11,5,7
-6,9,1,-8,2,-1,6,2,-11,5,7,-6
9,1,-8,2,-1,6,2,-11,5,7,-6,-12
1,-8,2,-1,6,2,-11,5,7,-6,-12,-2
-8,2,-1,6,2,-11,5,7,-6,-12,-2,-5
2,-1,6,2,-11,5,7,-6,-12,-2,-5,5
-1,6,2,-11,5,7,-6,-12,-2,-5,5,-9
6,2,-11,5,7,-6,-12,-2,-5,5,-9,1
2,-11,5,7,-6,-12,-2,-5,5,-9,1,3
-11,5,7,-6,-12,-2,-5,5,-9,1,3,2
5,7,-6,-12,-2,-5,5,-9,1,3,2,-2
7,-6,-12,-2,-5,5,-9,1,3,2,-2,2
-6,-12,-2,-5,5,-9,1,3,2,-2,2,-4
-12,-2,-5,5,-9,1,3,2,-2,2,-4,5
-2,-5,5,-9,1,3,2,-2,2,-4,5,-2
-5,5,-9,1,3,2,-2,2,-4,5,-2,2
5,-9,1,3,2,-2,2,-4,5,-2,2,2
-9,1,3,2,-2,2,-4,5,-2,2,2,7
1,3,2,-2,2,-4,5,-2,2,2,7,-4
3,2,-2,2,-4,5,-2,2,2,7,-4,5
2,-2,2,-4,5,-2,2,2,7,-4,5,7
-2,2,-4,5,-2,2,2,7,-4,5,7,5
2,-4,5,-2,2,2,7,-4,5,7,5,4
-4,5,-2,2,2,7,-4,5,7,5,4,10
5,-2,2,2,7,-4,5,7,5,4,10,3
-2,2,2,7,-4,5,7,5,4,10,3,-9
2,2,7,-4,5,7,5,4,10,3,-9,-31
2,7,-4,5,7,5,4,10,3,-9,-31,-1
7,-4,5,7,5,4,10,3,-9,-31,-1,3
-4,5,7,5,4,10,3,-9,-31,-1,3,0
5,7,5,4,10,3,-9,-31,-1,3,0,-1
7,5,4,10,3,-9,-31,-1,3,0,-1,-14
5,4,10,3,-9,-31,-1,3,0,-1,-14,-22
4,10,3,-9,-31,-1,3,0,-1,-14,-22,-9
10,3,-9,-31,-1,3,0,-1,-14,-22,-9,0
3,-9,-31,-1,3,0,-1,-14,-22,-9,0,-5
-9,-31,-1,3,0,-1,-14,-22,-9,0,-5,-3
-31,-1,3,0,-1,-14,-22,-9,0,-5,-3,8
-1,3,0,-1,-14,-22,-9,0,-5,-3,8,-9
3,0,-1,-14,-22,-9,0,-5,-3,8,-9,-16
0,-1,-14,-22,-9,0,-5,-3,8,-9,-16,1
-1,-14,-22,-9,0,-5,-3,8,-9,-16,1,17
-14,-22,-9,0,-5,-3,8,-9,-16,1,17,-12
-22,-9,0,-5,-3,8,-9,-16,1,17,-12,-14
-9,0,-5,-3,8,-9,-16,1,17,-12,-14,7
0,-5,-3,8,-9,-16,1,17,-12,-14,7,-6
-5,-3,8,-9,-16,1,17,-12,-14,7,-6,0
-3,8,-9,-16,1,17,-12,-14,7,-6,0,-14
8,-9,-16,1,17,-12,-14,7,-6,0,-14,2
-9,-16,1,17,-12,-14,7,-6,0,-14,2,47
-16,1,17,-12,-14,7,-6,0,-14,2,47,-10
1,17,-12,-14,7,-6,0,-14,2,47,-10,1
17,-12,-14,7,-6,0,-14,2,47,-10,1,-1
-12,-14,7,-6,0,-14,2,47,-10,1,-1,1
-14,7,-6,0,-14,2,47,-10,1,-1,1,5
7,-6,0,-14,2,47,-10,1,-1,1,5,5
-6,0,-14,2,47,-10,1,-1,1,5,5,-4
0,-14,2,47,-10,1,-1,1,5,5,-4,8
-14,2,47,-10,1,-1,1,5,5,-4,8,2
2,47,-10,1,-1,1,5,5,-4,8,2,-16
47,-10,1,-1,1,5,5,-4,8,2,-16,2
-10,1,-1,1,5,5,-4,8,2,-16,2,-4
1,-1,1,5,5,-4,8,2,-16,2,-4,-2
-1,1,5,5,-4,8,2,-16,2,-4,-2,9
1,5,5,-4,8,2,-16,2,-4,-2,9,27
5,5,-4,8,2,-16,2,-4,-2,9,27,-13
5,-4,8,2,-16,2,-4,-2,9,27,-13,-2
-4,8,2,-16,2,-4,-2,9,27,-13,-2,0
8,2,-16,2,-4,-2,9,27,-13,-2,0,0
2,-16,2,-4,-2,9,27,-13,-2,0,0,9
-16,2,-4,-2,9,27,-13,-2,0,0,9,-5
2,-4,-2,9,27,-13,-2,0,0,9,-5,7
-4,-2,9,27,-13,-2,0,0,9,-5,7,1
-2,9,27,-13,-2,0,0,9,-5,7,1,7
9,27,-13,-2,0,0,9,-5,7,1,7,2
27,-13,-2,0,0,9,-5,7,1,7,2,-13
-13,-2,0,0,9,-5,7,1,7,2,-13,9
-2,0,0,9,-5,7,1,7,2,-13,9,2
0,0,9,-5,7,1,7,2,-13,9,2,-22
0,9,-5,7,1,7,2,-13,9,2,-22,16
9,-5,7,1,7,2,-13,9,2,-22,16,-16
-5,7,1,7,2,-13,9,2,-22,16,-16,-2
7,1,7,2,-13,9,2,-22,16,-16,-2,12
1,7,2,-13,9,2,-22,16,-16,-2,12,-1
7,2,-13,9,2,-22,16,-16,-2,12,-1,0
2,-13,9,2,-22,16,-16,-2,12,-1,0,-10
-13,9,2,-22,16,-16,-2,12,-1,0,-10,4
9,2,-22,16,-16,-2,12,-1,0,-10,4,-8
2,-22,16,-16,-2,12,-1,0,-10,4,-8,30
-22,16,-16,-2,12,-1,0,-10,4,-8,30,-4
16,-16,-2,12,-1,0,-10,4,-8,30,-4,-17
-16,-2,12,-1,0,-10,4,-8,30,-4,-17,4
-2,12,-1,0,-10,4,-8,30,-4,-17,4,8
12,-1,0,-10,4,-8,30,-4,-17,4,8,5
-1,0,-10,4,-8,30,-4,-17,4,8,5,8
0,-10,4,-8,30,-4,-17,4,8,5,8,-2
-10,4,-8,30,-4,-17,4,8,5,8,-2,-6
4,-8,30,-4,-17,4,8,5,8,-2,-6,4
-8,30,-4,-17,4,8,5,8,-2,-6,4,-5
30,-4,-17,4,8,5,8,-2,-6,4,-5,8
-4,-17,4,8,5,8,-2,-6,4,-5,8,-7
-17,4,8,5,8,-2,-6,4,-5,8,-7,3
4,8,5,8,-2,-6,4,-5,8,-7,3,7
8,5,8,-2,-6,4,-5,8,-7,3,7,2
5,8,-2,-6,4,-5,8,-7,3,7,2,-5
8,-2,-6,4,-5,8,-7,3,7,2,-5,5
-2,-6,4,-5,8,-7,3,7,2,-5,5,-4
-6,4,-5,8,-7,3,7,2,-5,5,-4,1
4,-5,8,-7,3,7,2,-5,5,-4,1,3
-5,8,-7,3,7,2,-5,5,-4,1,3,-14
8,-7,3,7,2,-5,5,-4,1,3,-14,-11
-7,3,7,2,-5,5,-4,1,3,-14,-11,10
3,7,2,-5,5,-4,1,3,-14,-11,10,0
7,2,-5,5,-4,1,3,-14,-11,10,0,-8
2,-5,5,-4,1,3,-14,-11,10,0,-8,2
-5,5,-4,1,3,-14,-11,10,0,-8,2,1
5,-4,1,3,-14,-11,10,0,-8,2,1,14
-4,1,3,-14,-11,10,0,-8,2,1,14,3
1,3,-14,-11,10,0,-8,2,1,14,3,10
3,-14,-11,10,0,-8,2,1,14,3,10,-3
-14,-11,10,0,-8,2,1,14,3,10,-3,5
-11,10,0,-8,2,1,14,3,10,-3,5,-4
10,0,-8,2,1,14,3,10,-3,5,-4,-4
0,-8,2,1,14,3,10,-3,5,-4,-4,-6
-8,2,1,14,3,10,-3,5,-4,-4,-6,-12
2,1,14,3,10,-3,5,-4,-4,-6,-12,1
1,14,3,10,-3,5,-4,-4,-6,-12,1,4
14,3,10,-3,5,-4,-4,-6,-12,1,4,12
3,10,-3,5,-4,-4,-6,-12,1,4,12,2
10,-3,5,-4,-4,-6,-12,1,4,12,2,-4
-3,5,-4,-4,-6,-12,1,4,12,2,-4,10
5,-4,-4,-6,-12,1,4,12,2,-4,10,9
-4,-4,-6,-12,1,4,12,2,-4,10,9,0
-4,-6,-12,1,4,12,2,-4,10,9,0,-2
-6,-12,1,4,12,2,-4,10,9,0,-2,-6
-12,1,4,12,2,-4,10,9,0,-2,-6,4
1,4,12,2,-4,10,9,0,-2,-6,4,-12
4,12,2,-4,10,9,0,-2,-6,4,-12,-9
12,2,-4,10,9,0,-2,-6,4,-12,-9,8
2,-4,10,9,0,-2,-6,4,-12,-9,8,0
-4,10,9,0,-2,-6,4,-12,-9,8,0,-1
10,9,0,-2,-6,4,-12,-9,8,0,-1,0
9,0,-2,-6,4,-12,-9,8,0,-1,0,4
0,-2,-6,4,-12,-9,8,0,-1,0,4,2
-2,-6,4,-12,-9,8,0,-1,0,4,2,-1
-6,4,-12,-9,8,0,-1,0,4,2,-1,0
4,-12,-9,8,0,-1,0,4,2,-1,0,1
-12,-9,8,0,-1,0,4,2,-1,0,1,1
-9,8,0,-1,0,4,2,-1,0,1,1,-1
8,0,-1,0,4,2,-1,0,1,1,-1,-52
0,-1,0,4,2,-1,0,1,1,-1,-52,-7
-1,0,4,2,-1,0,1,1,-1,-52,-7,-2
0,4,2,-1,0,1,1,-1,-52,-7,-2,-11
4,2,-1,0,1,1,-1,-52,-7,-2,-11,-5
2,-1,0,1,1,-1,-52,-7,-2,-11,-5,2
-1,0,1,1,-1,-52,-7,-2,-11,-5,2,-17
0,1,1,-1,-52,-7,-2,-11,-5,2,-17,10
1,1,-1,-52,-7,-2,-11,-5,2,-17,10,-18
1,-1,-52,-7,-2,-11,-5,2,-17,10,-18,-4
-1,-52,-7,-2,-11,-5,2,-17,10,-18,-4,4
-52,-7,-2,-11,-5,2,-17,10,-18,-4,4,-3
-7,-2,-11,-5,2,-17,10,-18,-4,4,-3,6
-2,-11,-5,2,-17,10,-18,-4,4,-3,6,28
-11,-5,2,-17,10,-18,-4,4,-3,6,28,1
-5,2,-17,10,-18,-4,4,-3,6,28,1,-4
2,-17,10,-18,-4,4,-3,6,28,1,-4,18
-17,10,-18,-4,4,-3,6,28,1,-4,18,1
10,-18,-4,4,-3,6,28,1,-4,18,1,-11
-18,-4,4,-3,6,28,1,-4,18,1,-11,5
-4,4,-3,6,28,1,-4,18,1,-11,5,3
4,-3,6,28,1,-4,18,1,-11,5,3,0
-3,6,28,1,-4,18,1,-11,5,3,0,15
6,28,1,-4,18,1,-11,5,3,0,15,14
28,1,-4,18,1,-11,5,3,0,15,14,10
1,-4,18,1,-11,5,3,0,15,14,10,-4
-4,18,1,-11,5,3,0,15,14,10,-4,6
18,1,-11,5,3,0,15,14,10,-4,6,5
1,-11,5,3,0,15,14,10,-4,6,5,11
-11,5,3,0,15,14,10,-4,6,5,11,12
5,3,0,15,14,10,-4,6,5,11,12,-35
3,0,15,14,10,-4,6,5,11,12,-35,18
0,15,14,10,-4,6,5,11,12,-35,18,-5
15,14,10,-4,6,5,11,12,-35,18,-5,-38
14,10,-4,6,5,11,12,-35,18,-5,-38,20
10,-4,6,5,11,12,-35,18,-5,-38,20,13
-4,6,5,11,12,-35,18,-5,-38,20,13,-6
6,5,11,12,-35,18,-5,-38,20,13,-6,18
5,11,12,-35,18,-5,-38,20,13,-6,18,-47
11,12,-35,18,-5,-38,20,13,-6,18,-47,36
12,-35,18,-5,-38,20,13,-6,18,-47,36,-15
-35,18,-5,-38,20,13,-6,18,-47,36,-15,6
18,-5,-38,20,13,-6,18,-47,36,-15,6,-1
-5,-38,20,13,-6,18,-47,36,-15,6,-1,0
-38,20,13,-6,18,-47,36,-15,6,-1,0,14
20,13,-6,18,-47,36,-15,6,-1,0,14,46
13,-6,18,-47,36,-15,6,-1,0,14,46,-1
-6,18,-47,36,-15,6,-1,0,14,46,-1,-17
18,-47,36,-15,6,-1,0,14,46,-1,-17,7
-47,36,-15,6,-1,0,14,46,-1,-17,7,10
36,-15,6,-1,0,14,46,-1,-17,7,10,-41
-15,6,-1,0,14,46,-1,-17,7,10,-41,-20
6,-1,0,14,46,-1,-17,7,10,-41,-20,8
-1,0,14,46,-1,-17,7,10,-41,-20,8,-4
0,14,46,-1,-17,7,10,-41,-20,8,-4,-13
14,46,-1,-17,7,10,-41,-20,8,-4,-13,4
46,-1,-17,7,10,-41,-20,8,-4,-13,4,-19
-1,-17,7,10,-41,-20,8,-4,-13,4,-19,2
-17,7,10,-41,-20,8,-4,-13,4,-19,2,-10
7,10,-41,-20,8,-4,-13,4,-19,2,-10,15
10,-41,-20,8,-4,-13,4,-19,2,-10,15,-9
-41,-20,8,-4,-13,4,-19,2,-10,15,-9,0
-20,8,-4,-13,4,-19,2,-10,15,-9,0,5
8,-4,-13,4,-19,2,-10,15,-9,0,5,2
-4,-13,4,-19,2,-10,15,-9,0,5,2,10
-13,4,-19,2,-10,15,-9,0,5,2,10,6
4,-19,2,-10,15,-9,0,5,2,10,6,14
-19,2,-10,15,-9,0,5,2,10,6,14,-2
2,-10,15,-9,0,5,2,10,6,14,-2,-51
-10,15,-9,0,5,2,10,6,14,-2,-51,8
15,-9,0,5,2,10,6,14,-2,-51,8,9
-9,0,5,2,10,6,14,-2,-51,8,9,21
0,5,2,10,6,14,-2,-51,8,9,21,-1
5,2,10,6,14,-2,-51,8,9,21,-1,1
2,10,6,14,-2,-51,8,9,21,-1,1,20
10,6,14,-2,-51,8,9,21,-1,1,20,-21
6,14,-2,-51,8,9,21,-1,1,20,-21,-18
14,-2,-51,8,9,21,-1,1,20,-21,-18,18
-2,-51,8,9,21,-1,1,20,-21,-18,18,13
-51,8,9,21,-1,1,20,-21,-18,18,13,-7
8,9,21,-1,1,20,-21,-18,18,13,-7,-10
9,21,-1,1,20,-21,-18,18,13,-7,-10,52
21,-1,1,20,-21,-18,18,13,-7,-10,52,-8
-1,1,20,-21,-18,18,13,-7,-10,52,-8,-10
1,20,-21,-18,18,13,-7,-10,52,-8,-10,10
20,-21,-18,18,13,-7,-10,52,-8,-10,10,21
-21,-18,18,13,-7,-10,52,-8,-10,10,21,-21
-18,18,13,-7,-10,52,-8,-10,10,21,-21,1
18,13,-7,-10,52,-8,-10,10,21,-21,1,17
13,-7,-10,52,-8,-10,10,21,-21,1,17,-8
-7,-10,52,-8,-10,10,21,-21,1,17,-8,40
-10,52,-8,-10,10,21,-21,1,17,-8,40,14
52,-8,-10,10,21,-21,1,17,-8,40,14,-5
-8,-10,10,21,-21,1,17,-8,40,14,-5,-5
-10,10,21,-21,1,17,-8,40,14,-5,-5,-15
10,21,-21,1,17,-8,40,14,-5,-5,-15,-1
21,-21,1,17,-8,40,14,-5,-5,-15,-1,-21
-21,1,17,-8,40,14,-5,-5,-15,-1,-21,3
1,17,-8,40,14,-5,-5,-15,-1,-21,3,-1
17,-8,40,14,-5,-5,-15,-1,-21,3,-1,1
-8,40,14,-5,-5,-15,-1,-21,3,-1,1,-8
40,14,-5,-5,-15,-1,-21,3,-1,1,-8,-5
14,-5,-5,-15,-1,-21,3,-1,1,-8,-5,-4
-5,-5,-15,-1,-21,3,-1,1,-8,-5,-4,-1
-5,-15,-1,-21,3,-1,1,-8,-5,-4,-1,-18
-15,-1,-21,3,-1,1,-8,-5,-4,-1,-18,-25
-1,-21,3,-1,1,-8,-5,-4,-1,-18,-25,-21
-21,3,-1,1,-8,-5,-4,-1,-18,-25,-21,6
3,-1,1,-8,-5,-4,-1,-18,-25,-21,6,8
-1,1,-8,-5,-4,-1,-18,-25,-21,6,8,2
1,-8,-5,-4,-1,-18,-25,-21,6,8,2,7
-8,-5,-4,-1,-18,-25,-21,6,8,2,7,-19
-5,-4,-1,-18,-25,-21,6,8,2,7,-19,-1
-4,-1,-18,-25,-21,6,8,2,7,-19,-1,6
-1,-18,-25,-21,6,8,2,7,-19,-1,6,-5
-18,-25,-21,6,8,2,7,-19,-1,6,-5,-5
-25,-21,6,8,2,7,-19,-1,6,-5,-5,3
-21,6,8,2,7,-19,-1,6,-5,-5,3,0
6,8,2,7,-19,-1,6,-5,-5,3,0,-2
8,2,7,-19,-1,6,-5,-5,3,0,-2,17
2,7,-19,-1,6,-5,-5,3,0,-2,17,4
7,-19,-1,6,-5,-5,3,0,-2,17,4,-23
-19,-1,6,-5,-5,3,0,-2,17,4,-23,17
-1,6,-5,-5,3,0,-2,17,4,-23,17,14
6,-5,-5,3,0,-2,17,4,-23,17,14,17
-5,-5,3,0,-2,17,4,-23,17,14,17,-5
-5,3,0,-2,17,4,-23,17,14,17,-5,4
3,0,-2,17,4,-23,17,14,17,-5,4,-23
0,-2,17,4,-23,17,14,17,-5,4,-23,-7
-2,17,4,-23,17,14,17,-5,4,-23,-7,0
17,4,-23,17,14,17,-5,4,-23,-7,0,-4
4,-23,17,14,17,-5,4,-23,-7,0,-4,20
-23,17,14,17,-5,4,-23,-7,0,-4,20,11
17,14,17,-5,4,-23,-7,0,-4,20,11,-13
14,17,-5,4,-23,-7,0,-4,20,11,-13,18
17,-5,4,-23,-7,0,-4,20,11,-13,18,5
-5,4,-23,-7,0,-4,20,11,-13,18,5,-4
4,-23,-7,0,-4,20,11,-13,18,5,-4,14
-23,-7,0,-4,20,11,-13,18,5,-4,14,-8
-7,0,-4,20,11,-13,18,5,-4,14,-8,-9
0,-4,20,11,-13,18,5,-4,14,-8,-9,6
-4,20,11,-13,18,5,-4,14,-8,-9,6,-5
20,11,-13,18,5,-4,14,-8,-9,6,-5,-15
11,-13,18,5,-4,14,-8,-9,6,-5,-15,10
-13,18,5,-4,14,-8,-9,6,-5,-15,10,10
18,5,-4,14,-8,-9,6,-5,-15,10,10,1
5,-4,14,-8,-9,6,-5,-15,10,10,1,-10
-4,14,-8,-9,6,-5,-15,10,10,1,-10,-5
14,-8,-9,6,-5,-15,10,10,1,-10,-5,-8
-8,-9,6,-5,-15,10,10,1,-10,-5,-8,-2
-9,6,-5,-15,10,10,1,-10,-5,-8,-2,-2
6,-5,-15,10,10,1,-10,-5,-8,-2,-2,7
-5,-15,10,10,1,-10,-5,-8,-2,-2,7,-26
-15,10,10,1,-10,-5,-8,-2,-2,7,-26,-7
10,10,1,-10,-5,-8,-2,-2,7,-26,-7,-8
10,1,-10,-5,-8,-2,-2,7,-26,-7,-8,1
1,-10,-5,-8,-2,-2,7,-26,-7,-8,1,2
-10,-5,-8,-2,-2,7,-26,-7,-8,1,2,7
-5,-8,-2,-2,7,-26,-7,-8,1,2,7,11
-8,-2,-2,7,-26,-7,-8,1,2,7,11,8
-2,-2,7,-26,-7,-8,1,2,7,11,8,6
-2,7,-26,-7,-8,1,2,7,11,8,6,0
7,-26,-7,-8,1,2,7,11,8,6,0,-2
-26,-7,-8,1,2,7,11,8,6,0,-2,2
-7,-8,1,2,7,11,8,6,0,-2,2,-1
-8,1,2,7,11,8,6,0,-2,2,-1,-1
1,2,7,11,8,6,0,-2,2,-1,-1,-3
2,7,11,8,6,0,-2,2,-1,-1,-3,-13
7,11,8,6,0,-2,2,-1,-1,-3,-13,12
11,8,6,0,-2,2,-1,-1,-3,-13,12,4
8,6,0,-2,2,-1,-1,-3,-13,12,4,-6
6,0,-2,2,-1,-1,-3,-13,12,4,-6,18
0,-2,2,-1,-1,-3,-13,12,4,-6,18,-1
-2,2,-1,-1,-3,-13,12,4,-6,18,-1,5
2,-1,-1,-3,-13,12,4,-6,18,-1,5,-16
-1,-1,-3,-13,12,4,-6,18,-1,5,-16,-3
-1,-3,-13,12,4,-6,18,-1,5,-16,-3,9
-3,-13,12,4,-6,18,-1,5,-16,-3,9,-1
-13,12,4,-6,18,-1,5,-16,-3,9,-1,-3
12,4,-6,18,-1,5,-16,-3,9,-1,-3,6
4,-6,18,-1,5,-16,-3,9,-1,-3,6,9
-6,18,-1,5,-16,-3,9,-1,-3,6,9,18
18,-1,5,-16,-3,9,-1,-3,6,9,18,2
-1,5,-16,-3,9,-1,-3,6,9,18,2,-8
5,-16,-3,9,-1,-3,6,9,18,2,-8,-6
-16,-3,9,-1,-3,6,9,18,2,-8,-6,13
-3,9,-1,-3,6,9,18,2,-8,-6,13,-1
9,-1,-3,6,9,18,2,-8,-6,13,-1,4
-1,-3,6,9,18,2,-8,-6,13,-1,4,16
-3,6,9,18,2,-8,-6,13,-1,4,16,-3
6,9,18,2,-8,-6,13,-1,4,16,-3,-10
9,18,2,-8,-6,13,-1,4,16,-3,-10,8
18,2,-8,-6,13,-1,4,16,-3,-10,8,2
2,-8,-6,13,-1,4,16,-3,-10,8,2,-2
-8,-6,13,-1,4,16,-3,-10,8,2,-2,7
-6,13,-1,4,16,-3,-10,8,2,-2,7,-5
13,-1,4,16,-3,-10,8,2,-2,7,-5,16
-1,4,16,-3,-10,8,2,-2,7,-5,16,4
4,16,-3,-10,8,2,-2,7,-5,16,4,-10
16,-3,-10,8,2,-2,7,-5,16,4,-10,11
-3,-10,8,2,-2,7,-5,16,4,-10,11,6
-10,8,2,-2,7,-5,16,4,-10,11,6,5
8,2,-2,7,-5,16,4,-10,11,6,5,0
2,-2,7,-5,16,4,-10,11,6,5,0,-24
-2,7,-5,16,4,-10,11,6,5,0,-24,7
7,-5,16,4,-10,11,6,5,0,-24,7,5
-5,16,4,-10,11,6,5,0,-24,7,5,-3
16,4,-10,11,6,5,0,-24,7,5,-3,2
4,-10,11,6,5,0,-24,7,5,-3,2,-11
-10,11,6,5,0,-24,7,5,-3,2,-11,-7
11,6,5,0,-24,7,5,-3,2,-11,-7,4
6,5,0,-24,7,5,-3,2,-11,-7,4,7
5,0,-24,7,5,-3,2,-11,-7,4,7,-22
0,-24,7,5,-3,2,-11,-7,4,7,-22,7
-24,7,5,-3,2,-11,-7,4,7,-22,7,-10
7,5,-3,2,-11,-7,4,7,-22,7,-10,-10
5,-3,2,-11,-7,4,7,-22,7,-10,-10,-1
-3,2,-11,-7,4,7,-22,7,-10,-10,-1,1
2,-11,-7,4,7,-22,7,-10,-10,-1,1,-5
-11,-7,4,7,-22,7,-10,-10,-1,1,-5,9
-7,4,7,-22,7,-10,-10,-1,1,-5,9,16
4,7,-22,7,-10,-10,-1,1,-5,9,16,11
7,-22,7,-10,-10,-1,1,-5,9,16,11,4
-22,7,-10,-10,-1,1,-5,9,16,11,4,15
7,-10,-10,-1,1,-5,9,16,11,4,15,4
-10,-10,-1,1,-5,9,16,11,4,15,4,13
-10,-1,1,-5,9,16,11,4,15,4,13,-9
-1,1,-5,9,16,11,4,15,4,13,-9,7
1,-5,9,16,11,4,15,4,13,-9,7,5
-5,9,16,11,4,15,4,13,-9,7,5,1
9,16,11,4,15,4,13,-9,7,5,1,-6
16,11,4,15,4,13,-9,7,5,1,-6,-1
11,4,15,4,13,-9,7,5,1,-6,-1,-18
4,15,4,13,-9,7,5,1,-6,-1,-18,-5
15,4,13,-9,7,5,1,-6,-1,-18,-5,4
4,13,-9,7,5,1,-6,-1,-18,-5,4,-9
13,-9,7,5,1,-6,-1,-18,-5,4,-9,3
-9,7,5,1,-6,-1,-18,-5,4,-9,3,-4
7,5,1,-6,-1,-18,-5,4,-9,3,-4,-4
5,1,-6,-1,-18,-5,4,-9,3,-4,-4,-2
1,-6,-1,-18,-5,4,-9,3,-4,-4,-2,-1
-6,-1,-18,-5,4,-9,3,-4,-4,-2,-1,-10
-1,-18,-5,4,-9,3,-4,-4,-2,-1,-10,5
-18,-5,4,-9,3,-4,-4,-2,-1,-10,5,-9
-5,4,-9,3,-4,-4,-2,-1,-10,5,-9,10
4,-9,3,-4,-4,-2,-1,-10,5,-9,10,15
-9,3,-4,-4,-2,-1,-10,5,-9,10,15,-8
3,-4,-4,-2,-1,-10,5,-9,10,15,-8,-1
-4,-4,-2,-1,-10,5,-9,10,15,-8,-1,-3
-4,-2,-1,-10,5,-9,10,15,-8,-1,-3,-2
-2,-1,-10,5,-9,10,15,-8,-1,-3,-2,-6
-1,-10,5,-9,10,15,-8,-1,-3,-2,-6,-2
-10,5,-9,10,15,-8,-1,-3,-2,-6,-2,-5
5,-9,10,15,-8,-1,-3,-2,-6,-2,-5,10
-9,10,15,-8,-1,-3,-2,-6,-2,-5,10,6
10,15,-8,-1,-3,-2,-6,-2,-5,10,6,10
15,-8,-1,-3,-2,-6,-2,-5,10,6,10,3
-8,-1,-3,-2,-6,-2,-5,10,6,10,3,-6
-1,-3,-2,-6,-2,-5,10,6,10,3,-6,-10
-3,-2,-6,-2,-5,10,6,10,3,-6,-10,3
-2,-6,-2,-5,10,6,10,3,-6,-10,3,8
-6,-2,-5,10,6,10,3,-6,-10,3,8,-5
-2,-5,10,6,10,3,-6,-10,3,8,-5,8
-5,10,6,10,3,-6,-10,3,8,-5,8,-1
10,6,10,3,-6,-10,3,8,-5,8,-1,2
6,10,3,-6,-10,3,8,-5,8,-1,2,5
10,3,-6,-10,3,8,-5,8,-1,2,5,-4
3,-6,-10,3,8,-5,8,-1,2,5,-4,-10
-6,-10,3,8,-5,8,-1,2,5,-4,-10,-1
-10,3,8,-5,8,-1,2,5,-4,-10,-1,-2
3,8,-5,8,-1,2,5,-4,-10,-1,-2,6
8,-5,8,-1,2,5,-4,-10,-1,-2,6,-5
-5,8,-1,2,5,-4,-10,-1,-2,6,-5,-4
8,-1,2,5,-4,-10,-1,-2,6,-5,-4,-2
-1,2,5,-4,-10,-1,-2,6,-5,-4,-2,26
2,5,-4,-10,-1,-2,6,-5,-4,-2,26,5
5,-4,-10,-1,-2,6,-5,-4,-2,26,5,-4
-4,-10,-1,-2,6,-5,-4,-2,26,5,-4,4
-10,-1,-2,6,-5,-4,-2,26,5,-4,4,-1
-1,-2,6,-5,-4,-2,26,5,-4,4,-1,5
-2,6,-5,-4,-2,26,5,-4,4,-1,5,-6
6,-5,-4,-2,26,5,-4,4,-1,5,-6,-1
-5,-4,-2,26,5,-4,4,-1,5,-6,-1,-14
-4,-2,26,5,-4,4,-1,5,-6,-1,-14,2
-2,26,5,-4,4,-1,5,-6,-1,-14,2,0
26,5,-4,4,-1,5,-6,-1,-14,2,0,-1
5,-4,4,-1,5,-6,-1,-14,2,0,-1,2
-4,4,-1,5,-6,-1,-14,2,0,-1,2,-4
4,-1,5,-6,-1,-14,2,0,-1,2,-4,-4
-1,5,-6,-1,-14,2,0,-1,2,-4,-4,2
5,-6,-1,-14,2,0,-1,2,-4,-4,2,0
-6,-1,-14,2,0,-1,2,-4,-4,2,0,5
-1,-14,2,0,-1,2,-4,-4,2,0,5,-7
-14,2,0,-1,2,-4,-4,2,0,5,-7,5
2,0,-1,2,-4,-4,2,0,5,-7,5,8
0,-1,2,-4,-4,2,0,5,-7,5,8,-6
-1,2,-4,-4,2,0,5,-7,5,8,-6,0
2,-4,-4,2,0,5,-7,5,8,-6,0,-3
-4,-4,2,0,5,-7,5,8,-6,0,-3,-4
-4,2,0,5,-7,5,8,-6,0,-3,-4,-6
2,0,5,-7,5,8,-6,0,-3,-4,-6,-9
0,5,-7,5,8,-6,0,-3,-4,-6,-9,-9
5,-7,5,8,-6,0,-3,-4,-6,-9,-9,-12
-7,5,8,-6,0,-3,-4,-6,-9,-9,-12,2
5,8,-6,0,-3,-4,-6,-9,-9,-12,2,11
8,-6,0,-3,-4,-6,-9,-9,-12,2,11,6
-6,0,-3,-4,-6,-9,-9,-12,2,11,6,3
0,-3,-4,-6,-9,-9,-12,2,11,6,3,8
-3,-4,-6,-9,-9,-12,2,11,6,3,8,-9
-4,-6,-9,-9,-12,2,11,6,3,8,-9,2
-6,-9,-9,-12,2,11,6,3,8,-9,2,0
-9,-9,-12,2,11,6,3,8,-9,2,0,11
-9,-12,2,11,6,3,8,-9,2,0,11,8
-12,2,11,6,3,8,-9,2,0,11,8,-5
2,11,6,3,8,-9,2,0,11,8,-5,-3
11,6,3,8,-9,2,0,11,8,-5,-3,-3
6,3,8,-9,2,0,11,8,-5,-3,-3,10
3,8,-9,2,0,11,8,-5,-3,-3,10,7
8,-9,2,0,11,8,-5,-3,-3,10,7,8
-9,2,0,11,8,-5,-3,-3,10,7,8,6
2,0,11,8,-5,-3,-3,10,7,8,6,2
0,11,8,-5,-3,-3,10,7,8,6,2,13
11,8,-5,-3,-3,10,7,8,6,2,13,36
8,-5,-3,-3,10,7,8,6,2,13,36,-18
-5,-3,-3,10,7,8,6,2,13,36,-18,17
-3,-3,10,7,8,6,2,13,36,-18,17,-10
-3,10,7,8,6,2,13,36,-18,17,-10,0
10,7,8,6,2,13,36,-18,17,-10,0,-15
7,8,6,2,13,36,-18,17,-10,0,-15,-4
8,6,2,13,36,-18,17,-10,0,-15,-4,8
6,2,13,36,-18,17,-10,0,-15,-4,8,12
2,13,36,-18,17,-10,0,-15,-4,8,12,0
13,36,-18,17,-10,0,-15,-4,8,12,0,-5
36,-18,17,-10,0,-15,-4,8,12,0,-5,-1
-18,17,-10,0,-15,-4,8,12,0,-5,-1,5
17,-10,0,-15,-4,8,12,0,-5,-1,5,-12
-10,0,-15,-4,8,12,0,-5,-1,5,-12,-7
0,-15,-4,8,12,0,-5,-1,5,-12,-7,-1
-15,-4,8,12,0,-5,-1,5,-12,-7,-1,26
-4,8,12,0,-5,-1,5,-12,-7,-1,26,1
8,12,0,-5,-1,5,-12,-7,-1,26,1,5
12,0,-5,-1,5,-12,-7,-1,26,1,5,1
0,-5,-1,5,-12,-7,-1,26,1,5,1,1
-5,-1,5,-12,-7,-1,26,1,5,1,1,1
-1,5,-12,-7,-1,26,1,5,1,1,1,35
5,-12,-7,-1,26,1,5,1,1,1,35,11
-12,-7,-1,26,1,5,1,1,1,35,11,-35
-7,-1,26,1,5,1,1,1,35,11,-35,-32
-1,26,1,5,1,1,1,35,11,-35,-32,17
26,1,5,1,1,1,35,11,-35,-32,17,12
1,5,1,1,1,35,11,-35,-32,17,12,-1
5,1,1,1,35,11,-35,-32,17,12,-1,0
1,1,1,35,11,-35,-32,17,12,-1,0,1
1,1,35,11,-35,-32,17,12,-1,0,1,9
1,35,11,-35,-32,17,12,-1,0,1,9,2
35,11,-35,-32,17,12,-1,0,1,9,2,33
11,-35,-32,17,12,-1,0,1,9,2,33,-13
-35,-32,17,12,-1,0,1,9,2,33,-13,-9
-32,17,12,-1,0,1,9,2,33,-13,-9,-15
17,12,-1,0,1,9,2,33,-13,-9,-15,-4
12,-1,0,1,9,2,33,-13,-9,-15,-4,26
-1,0,1,9,2,33,-13,-9,-15,-4,26,16
0,1,9,2,33,-13,-9,-15,-4,26,16,2
1,9,2,33,-13,-9,-15,-4,26,16,2,-9
9,2,33,-13,-9,-15,-4,26,16,2,-9,-10
2,33,-13,-9,-15,-4,26,16,2,-9,-10,-9
33,-13,-9,-15,-4,26,16,2,-9,-10,-9,5
-13,-9,-15,-4,26,16,2,-9,-10,-9,5,3
-9,-15,-4,26,16,2,-9,-10,-9,5,3,10
-15,-4,26,16,2,-9,-10,-9,5,3,10,-13
-4,26,16,2,-9,-10,-9,5,3,10,-13,11
26,16,2,-9,-10,-9,5,3,10,-13,11,8
16,2,-9,-10,-9,5,3,10,-13,11,8,13
2,-9,-10,-9,5,3,10,-13,11,8,13,7
-9,-10,-9,5,3,10,-13,11,8,13,7,4
-10,-9,5,3,10,-13,11,8,13,7,4,7
-9,5,3,10,-13,11,8,13,7,4,7,-13
5,3,10,-13,11,8,13,7,4,7,-13,-8
3,10,-13,11,8,13,7,4,7,-13,-8,-9
10,-13,11,8,13,7,4,7,-13,-8,-9,12
-13,11,8,13,7,4,7,-13,-8,-9,12,-11
11,8,13,7,4,7,-13,-8,-9,12,-11,17
8,13,7,4,7,-13,-8,-9,12,-11,17,5
13,7,4,7,-13,-8,-9,12,-11,17,5,19
7,4,7,-13,-8,-9,12,-11,17,5,19,2
4,7,-13,-8,-9,12,-11,17,5,19,2,9
7,-13,-8,-9,12,-11,17,5,19,2,9,1
-13,-8,-9,12,-11,17,5,19,2,9,1,-4
-8,-9,12,-11,17,5,19,2,9,1,-4,4
-9,12,-11,17,5,19,2,9,1,-4,4,-4
12,-11,17,5,19,2,9,1,-4,4,-4,9
-11,17,5,19,2,9,1,-4,4,-4,9,-10
17,5,19,2,9,1,-4,4,-4,9,-10,-7
5,19,2,9,1,-4,4,-4,9,-10,-7,27
19,2,9,1,-4,4,-4,9,-10,-7,27,-10
2,9,1,-4,4,-4,9,-10,-7,27,-10,5
9,1,-4,4,-4,9,-10,-7,27,-10,5,2
1,-4,4,-4,9,-10,-7,27,-10,5,2,-12
-4,4,-4,9,-10,-7,27,-10,5,2,-12,0
4,-4,9,-10,-7,27,-10,5,2,-12,0,-5
-4,9,-10,-7,27,-10,5,2,-12,0,-5,37
9,-10,-7,27,-10,5,2,-12,0,-5,37,18
-10,-7,27,-10,5,2,-12,0,-5,37,18,39
-7,27,-10,5,2,-12,0,-5,37,18,39,24
27,-10,5,2,-12,0,-5,37,18,39,24,-9
-10,5,2,-12,0,-5,37,18,39,24,-9,-13
5,2,-12,0,-5,37,18,39,24,-9,-13,-26
2,-12,0,-5,37,18,39,24,-9,-13,-26,13
-12,0,-5,37,18,39,24,-9,-13,-26,13,-2
0,-5,37,18,39,24,-9,-13,-26,13,-2,9
-5,37,18,39,24,-9,-13,-26,13,-2,9,10
37,18,39,24,-9,-13,-26,13,-2,9,10,-5
18,39,24,-9,-13,-26,13,-2,9,10,-5,-19
39,24,-9,-13,-26,13,-2,9,10,-5,-19,-19
24,-9,-13,-26,13,-2,9,10,-5,-19,-19,-12
-9,-13,-26,13,-2,9,10,-5,-19,-19,-12,-10
-13,-26,13,-2,9,10,-5,-19,-19,-12,-10,22
-26,13,-2,9,10,-5,-19,-19,-12,-10,22,-2
13,-2,9,10,-5,-19,-19,-12,-10,22,-2,-6
-2,9,10,-5,-19,-19,-12,-10,22,-2,-6,-19
9,10,-5,-19,-19,-12,-10,22,-2,-6,-19,-14
10,-5,-19,-19,-12,-10,22,-2,-6,-19,-14,16
-5,-19,-19,-12,-10,22,-2,-6,-19,-14,16,-6
-19,-19,-12,-10,22,-2,-6,-19,-14,16,-6,18
-19,-12,-10,22,-2,-6,-19,-14,16,-6,18,10
-12,-10,22,-2,-6,-19,-14,16,-6,18,10,-23
-10,22,-2,-6,-19,-14,16,-6,18,10,-23,7
22,-2,-6,-19,-14,16,-6,18,10,-23,7,-1
-2,-6,-19,-14,16,-6,18,10,-23,7,-1,4
-6,-19,-14,16,-6,18,10,-23,7,-1,4,-25
-19,-14,16,-6,18,10,-23,7,-1,4,-25,-2
-14,16,-6,18,10,-23,7,-1,4,-25,-2,2
16,-6,18,10,-23,7,-1,4,-25,-2,2,-1
-6,18,10,-23,7,-1,4,-25,-2,2,-1,12
18,10,-23,7,-1,4,-25,-2,2,-1,12,5
10,-23,7,-1,4,-25,-2,2,-1,12,5,5
-23,7,-1,4,-25,-2,2,-1,12,5,5,-5
7,-1,4,-25,-2,2,-1,12,5,5,-5,18
-1,4,-25,-2,2,-1,12,5,5,-5,18,25
4,-25,-2,2,-1,12,5,5,-5,18,25,-12
-25,-2,2,-1,12,5,5,-5,18,25,-12,-27
-2,2,-1,12,5,5,-5,18,25,-12,-27,-1
2,-1,12,5,5,-5,18,25,-12,-27,-1,-20
-1,12,5,5,-5,18,25,-12,-27,-1,-20,10
12,5,5,-5,18,25,-12,-27,-1,-20,10,-27
5,5,-5,18,25,-12,-27,-1,-20,10,-27,-16
5,-5,18,25,-12,-27,-1,-20,10,-27,-16,6
-5,18,25,-12,-27,-1,-20,10,-27,-16,6,14
18,25,-12,-27,-1,-20,10,-27,-16,6,14,7
25,-12,-27,-1,-20,10,-27,-16,6,14,7,51
-12,-27,-1,-20,10,-27,-16,6,14,7,51,-15
-27,-1,-20,10,-27,-16,6,14,7,51,-15,2
-1,-20,10,-27,-16,6,14,7,51,-15,2,-4
-20,10,-27,-16,6,14,7,51,-15,2,-4,1
10,-27,-16,6,14,7,51,-15,2,-4,1,0
-27,-16,6,14,7,51,-15,2,-4,1,0,-10
-16,6,14,7,51,-15,2,-4,1,0,-10,-11
6,14,7,51,-15,2,-4,1,0,-10,-11,-12
14,7,51,-15,2,-4,1,0,-10,-11,-12,-2
7,51,-15,2,-4,1,0,-10,-11,-12,-2,-10
51,-15,2,-4,1,0,-10,-11,-12,-2,-10,0
-15,2,-4,1,0,-10,-11,-12,-2,-10,0,-13
2,-4,1,0,-10,-11,-12,-2,-10,0,-13,-4
-4,1,0,-10,-11,-12,-2,-10,0,-13,-4,25
1,0,-10,-11,-12,-2,-10,0,-13,-4,25,-1
0,-10,-11,-12,-2,-10,0,-13,-4,25,-1,-28
-10,-11,-12,-2,-10,0,-13,-4,25,-1,-28,8
-11,-12,-2,-10,0,-13,-4,25,-1,-28,8,22
-12,-2,-10,0,-13,-4,25,-1,-28,8,22,-16
-2,-10,0,-13,-4,25,-1,-28,8,22,-16,6
-10,0,-13,-4,25,-1,-28,8,22,-16,6,-8
0,-13,-4,25,-1,-28,8,22,-16,6,-8,-21
-13,-4,25,-1,-28,8,22,-16,6,-8,-21,2
-4,25,-1,-28,8,22,-16,6,-8,-21,2,4
25,-1,-28,8,22,-16,6,-8,-21,2,4,1
-1,-28,8,22,-16,6,-8,-21,2,4,1,20
-28,8,22,-16,6,-8,-21,2,4,1,20,16
8,22,-16,6,-8,-21,2,4,1,20,16,9
22,-16,6,-8,-21,2,4,1,20,16,9,27
-16,6,-8,-21,2,4,1,20,16,9,27,10
6,-8,-21,2,4,1,20,16,9,27,10,-5
-8,-21,2,4,1,20,16,9,27,10,-5,-11
-21,2,4,1,20,16,9,27,10,-5,-11,-10
2,4,1,20,16,9,27,10,-5,-11,-10,-7
4,1,20,16,9,27,10,-5,-11,-10,-7,8
1,20,16,9,27,10,-5,-11,-10,-7,8,-7
20,16,9,27,10,-5,-11,-10,-7,8,-7,-5
16,9,27,10,-5,-11,-10,-7,8,-7,-5,-16
9,27,10,-5,-11,-10,-7,8,-7,-5,-16,-9
27,10,-5,-11,-10,-7,8,-7,-5,-16,-9,-14
10,-5,-11,-10,-7,8,-7,-5,-16,-9,-14,2
-5,-11,-10,-7,8,-7,-5,-16,-9,-14,2,5
-11,-10,-7,8,-7,-5,-16,-9,-14,2,5,7
-10,-7,8,-7,-5,-16,-9,-14,2,5,7,-16
-7,8,-7,-5,-16,-9,-14,2,5,7,-16,14
8,-7,-5,-16,-9,-14,2,5,7,-16,14,-32
-7,-5,-16,-9,-14,2,5,7,-16,14,-32,7
-5,-16,-9,-14,2,5,7,-16,14,-32,7,-12
-16,-9,-14,2,5,7,-16,14,-32,7,-12,-11
-9,-14,2,5,7,-16,14,-32,7,-12,-11,21
-14,2,5,7,-16,14,-32,7,-12,-11,21,7
2,5,7,-16,14,-32,7,-12,-11,21,7,-7
5,7,-16,14,-32,7,-12,-11,21,7,-7,55
7,-16,14,-32,7,-12,-11,21,7,-7,55,-11
-16,14,-32,7,-12,-11,21,7,-7,55,-11,0
14,-32,7,-12,-11,21,7,-7,55,-11,0,-16
-32,7,-12,-11,21,7,-7,55,-11,0,-16,-8
7,-12,-11,21,7,-7,55,-11,0,-16,-8,-7
-12,-11,21,7,-7,55,-11,0,-16,-8,-7,20
-11,21,7,-7,55,-11,0,-16,-8,-7,20,36
21,7,-7,55,-11,0,-16,-8,-7,20,36,-28
7,-7,55,-11,0,-16,-8,-7,20,36,-28,14
-7,55,-11,0,-16,-8,-7,20,36,-28,14,-1
55,-11,0,-16,-8,-7,20,36,-28,14,-1,-19
-11,0,-16,-8,-7,20,36,-28,14,-1,-19,-2
0,-16,-8,-7,20,36,-28,14,-1,-19,-2,8
-16,-8,-7,20,36,-28,14,-1,-19,-2,8,20
-8,-7,20,36,-28,14,-1,-19,-2,8,20,-24
-7,20,36,-28,14,-1,-19,-2,8,20,-24,-23
20,36,-28,14,-1,-19,-2,8,20,-24,-23,-34
36,-28,14,-1,-19,-2,8,20,-24,-23,-34,-32
-28,14,-1,-19,-2,8,20,-24,-23,-34,-32,-24
14,-1,-19,-2,8,20,-24,-23,-34,-32,-24,7
-1,-19,-2,8,20,-24,-23,-34,-32,-24,7,-30
-19,-2,8,20,-24,-23,-34,-32,-24,7,-30,16
-2,8,20,-24,-23,-34,-32,-24,7,-30,16,21
8,20,-24,-23,-34,-32,-24,7,-30,16,21,-11
20,-24,-23,-34,-32,-24,7,-30,16,21,-11,-21
-24,-23,-34,-32,-24,7,-30,16,21,-11,-21,14
-23,-34,-32,-24,7,-30,16,21,-11,-21,14,-6
-34,-32,-24,7,-30,16,21,-11,-21,14,-6,-3
-32,-24,7,-30,16,21,-11,-21,14,-6,-3,7
-24,7,-30,16,21,-11,-21,14,-6,-3,7,-3
7,-30,16,21,-11,-21,14,-6,-3,7,-3,20
-30,16,21,-11,-21,14,-6,-3,7,-3,20,6
16,21,-11,-21,14,-6,-3,7,-3,20,6,18
21,-11,-21,14,-6,-3,7,-3,20,6,18,-2
-11,-21,14,-6,-3,7,-3,20,6,18,-2,0
-21,14,-6,-3,7,-3,20,6,18,-2,0,9
14,-6,-3,7,-3,20,6,18,-2,0,9,-6
-6,-3,7,-3,20,6,18,-2,0,9,-6,-21
-3,7,-3,20,6,18,-2,0,9,-6,-21,-21
7,-3,20,6,18,-2,0,9,-6,-21,-21,5
-3,20,6,18,-2,0,9,-6,-21,-21,5,-7
20,6,18,-2,0,9,-6,-21,-21,5,-7,25
6,18,-2,0,9,-6,-21,-21,5,-7,25,-2
18,-2,0,9,-6,-21,-21,5,-7,25,-2,7
-2,0,9,-6,-21,-21,5,-7,25,-2,7,-18
0,9,-6,-21,-21,5,-7,25,-2,7,-18,20
9,-6,-21,-21,5,-7,25,-2,7,-18,20,26
-6,-21,-21,5,-7,25,-2,7,-18,20,26,32
-21,-21,5,-7,25,-2,7,-18,20,26,32,4
-21,5,-7,25,-2,7,-18,20,26,32,4,-5
5,-7,25,-2,7,-18,20,26,32,4,-5,-9
-7,25,-2,7,-18,20,26,32,4,-5,-9,-7
25,-2,7,-18,20,26,32,4,-5,-9,-7,-24
-2,7,-18,20,26,32,4,-5,-9,-7,-24,-21
7,-18,20,26,32,4,-5,-9,-7,-24,-21,-10
-18,20,26,32,4,-5,-9,-7,-24,-21,-10,1
20,26,32,4,-5,-9,-7,-24,-21,-10,1,14
26,32,4,-5,-9,-7,-24,-21,-10,1,14,-21
32,4,-5,-9,-7,-24,-21,-10,1,14,-21,40
4,-5,-9,-7,-24,-21,-10,1,14,-21,40,-19
-5,-9,-7,-24,-21,-10,1,14,-21,40,-19,-3
-9,-7,-24,-21,-10,1,14,-21,40,-19,-3,91
-7,-24,-21,-10,1,14,-21,40,-19,-3,91,-28
-24,-21,-10,1,14,-21,40,-19,-3,91,-28,-38
-21,-10,1,14,-21,40,-19,-3,91,-28,-38,-6
-10,1,14,-21,40,-19,-3,91,-28,-38,-6,8
1,14,-21,40,-19,-3,91,-28,-38,-6,8,-3
14,-21,40,-19,-3,91,-28,-38,-6,8,-3,-12
-21,40,-19,-3,91,-28,-38,-6,8,-3,-12,-25
40,-19,-3,91,-28,-38,-6,8,-3,-12,-25,-4
-19,-3,91,-28,-38,-6,8,-3,-12,-25,-4,-1
-3,91,-28,-38,-6,8,-3,-12,-25,-4,-1,18
91,-28,-38,-6,8,-3,-12,-25,-4,-1,18,1
-28,-38,-6,8,-3,-12,-25,-4,-1,18,1,14
-38,-6,8,-3,-12,-25,-4,-1,18,1,14,-10
-6,8,-3,-12,-25,-4,-1,18,1,14,-10,34
8,-3,-12,-25,-4,-1,18,1,14,-10,34,8
-3,-12,-25,-4,-1,18,1,14,-10,34,8,13
-12,-25,-4,-1,18,1,14,-10,34,8,13,-20
-25,-4,-1,18,1,14,-10,34,8,13,-20,5
-4,-1,18,1,14,-10,34,8,13,-20,5,28
-1,18,1,14,-10,34,8,13,-20,5,28,-11
18,1,14,-10,34,8,13,-20,5,28,-11,13
1,14,-10,34,8,13,-20,5,28,-11,13,7
14,-10,34,8,13,-20,5,28,-11,13,7,1
-10,34,8,13,-20,5,28,-11,13,7,1,-12
34,8,13,-20,5,28,-11,13,7,1,-12,-3
8,13,-20,5,28,-11,13,7,1,-12,-3,-10
13,-20,5,28,-11,13,7,1,-12,-3,-10,-7
-20,5,28,-11,13,7,1,-12,-3,-10,-7,5
5,28,-11,13,7,1,-12,-3,-10,-7,5,-7
28,-11,13,7,1,-12,-3,-10,-7,5,-7,-9
-11,13,7,1,-12,-3,-10,-7,5,-7,-9,11
13,7,1,-12,-3,-10,-7,5,-7,-9,11,-6
7,1,-12,-3,-10,-7,5,-7,-9,11,-6,-11
1,-12,-3,-10,-7,5,-7,-9,11,-6,-11,18
-12,-3,-10,-7,5,-7,-9,11,-6,-11,18,0
-3,-10,-7,5,-7,-9,11,-6,-11,18,0,-19
-10,-7,5,-7,-9,11,-6,-11,18,0,-19,0
-7,5,-7,-9,11,-6,-11,18,0,-19,0,43
5,-7,-9,11,-6,-11,18,0,-19,0,43,12
-7,-9,11,-6,-11,18,0,-19,0,43,12,-5
-9,11,-6,-11,18,0,-19,0,43,12,-5,-13
11,-6,-11,18,0,-19,0,43,12,-5,-13,-2
-6,-11,18,0,-19,0,43,12,-5,-13,-2,33
-11,18,0,-19,0,43,12,-5,-13,-2,33,-17
18,0,-19,0,43,12,-5,-13,-2,33,-17,21
0,-19,0,43,12,-5,-13,-2,33,-17,21,15
-19,0,43,12,-5,-13,-2,33,-17,21,15,-2
0,43,12,-5,-13,-2,33,-17,21,15,-2,36
43,12,-5,-13,-2,33,-17,21,15,-2,36,-12
12,-5,-13,-2,33,-17,21,15,-2,36,-12,17
-5,-13,-2,33,-17,21,15,-2,36,-12,17,43
-13,-2,33,-17,21,15,-2,36,-12,17,43,-31
-2,33,-17,21,15,-2,36,-12,17,43,-31,-8
33,-17,21,15,-2,36,-12,17,43,-31,-8,12
-17,21,15,-2,36,-12,17,43,-31,-8,12,22
21,15,-2,36,-12,17,43,-31,-8,12,22,61
15,-2,36,-12,17,43,-31,-8,12,22,61,-61
-2,36,-12,17,43,-31,-8,12,22,61,-61,13
36,-12,17,43,-31,-8,12,22,61,-61,13,-55
-12,17,43,-31,-8,12,22,61,-61,13,-55,10
17,43,-31,-8,12,22,61,-61,13,-55,10,-33
43,-31,-8,12,22,61,-61,13,-55,10,-33,11
-31,-8,12,22,61,-61,13,-55,10,-33,11,-1
-8,12,22,61,-61,13,-55,10,-33,11,-1,3
12,22,61,-61,13,-55,10,-33,11,-1,3,12
22,61,-61,13,-55,10,-33,11,-1,3,12,14
61,-61,13,-55,10,-33,11,-1,3,12,14,9
-61,13,-55,10,-33,11,-1,3,12,14,9,-6
13,-55,10,-33,11,-1,3,12,14,9,-6,3
-55,10,-33,11,-1,3,12,14,9,-6,3,5
10,-33,11,-1,3,12,14,9,-6,3,5,-18
-33,11,-1,3,12,14,9,-6,3,5,-18,13
11,-1,3,12,14,9,-6,3,5,-18,13,-9
-1,3,12,14,9,-6,3,5,-18,13,-9,-9
3,12,14,9,-6,3,5,-18,13,-9,-9,5
12,14,9,-6,3,5,-18,13,-9,-9,5,7
14,9,-6,3,5,-18,13,-9,-9,5,7,9
9,-6,3,5,-18,13,-9,-9,5,7,9,-24
-6,3,5,-18,13,-9,-9,5,7,9,-24,11
3,5,-18,13,-9,-9,5,7,9,-24,11,0
5,-18,13,-9,-9,5,7,9,-24,11,0,2
-18,13,-9,-9,5,7,9,-24,11,0,2,1
13,-9,-9,5,7,9,-24,11,0,2,1,25
-9,-9,5,7,9,-24,11,0,2,1,25,18
-9,5,7,9,-24,11,0,2,1,25,18,-16
5,7,9,-24,11,0,2,1,25,18,-16,-6
7,9,-24,11,0,2,1,25,18,-16,-6,-13
9,-24,11,0,2,1,25,18,-16,-6,-13,1
-24,11,0,2,1,25,18,-16,-6,-13,1,4
11,0,2,1,25,18,-16,-6,-13,1,4,-21
0,2,1,25,18,-16,-6,-13,1,4,-21,3
2,1,25,18,-16,-6,-13,1,4,-21,3,-24
1,25,18,-16,-6,-13,1,4,-21,3,-24,4
25,18,-16,-6,-13,1,4,-21,3,-24,4,8
18,-16,-6,-13,1,4,-21,3,-24,4,8,5
-16,-6,-13,1,4,-21,3,-24,4,8,5,-45
-6,-13,1,4,-21,3,-24,4,8,5,-45,-33
-13,1,4,-21,3,-24,4,8,5,-45,-33,3
1,4,-21,3,-24,4,8,5,-45,-33,3,20
4,-21,3,-24,4,8,5,-45,-33,3,20,55
-21,3,-24,4,8,5,-45,-33,3,20,55,-13
3,-24,4,8,5,-45,-33,3,20,55,-13,-10
-24,4,8,5,-45,-33,3,20,55,-13,-10,18
4,8,5,-45,-33,3,20,55,-13,-10,18,15
8,5,-45,-33,3,20,55,-13,-10,18,15,-13
5,-45,-33,3,20,55,-13,-10,18,15,-13,-30
-45,-33,3,20,55,-13,-10,18,15,-13,-30,0
-33,3,20,55,-13,-10,18,15,-13,-30,0,6
3,20,55,-13,-10,18,15,-13,-30,0,6,-38
20,55,-13,-10,18,15,-13,-30,0,6,-38,-12
55,-13,-10,18,15,-13,-30,0,6,-38,-12,15
-13,-10,18,15,-13,-30,0,6,-38,-12,15,-13
-10,18,15,-13,-30,0,6,-38,-12,15,-13,-1
18,15,-13,-30,0,6,-38,-12,15,-13,-1,5
15,-13,-30,0,6,-38,-12,15,-13,-1,5,-25
-13,-30,0,6,-38,-12,15,-13,-1,5,-25,10
-30,0,6,-38,-12,15,-13,-1,5,-25,10,29
0,6,-38,-12,15,-13,-1,5,-25,10,29,11
6,-38,-12,15,-13,-1,5,-25,10,29,11,5
-38,-12,15,-13,-1,5,-25,10,29,11,5,-35
-12,15,-13,-1,5,-25,10,29,11,5,-35,17
15,-13,-1,5,-25,10,29,11,5,-35,17,-1
-13,-1,5,-25,10,29,11,5,-35,17,-1,20
-1,5,-25,10,29,11,5,-35,17,-1,20,-10
5,-25,10,29,11,5,-35,17,-1,20,-10,-13
-25,10,29,11,5,-35,17,-1,20,-10,-13,35
10,29,11,5,-35,17,-1,20,-10,-13,35,18
29,11,5,-35,17,-1,20,-10,-13,35,18,20
11,5,-35,17,-1,20,-10,-13,35,18,20,5
5,-35,17,-1,20,-10,-13,35,18,20,5,-7
-35,17,-1,20,-10,-13,35,18,20,5,-7,2
17,-1,20,-10,-13,35,18,20,5,-7,2,8
-1,20,-10,-13,35,18,20,5,-7,2,8,-1
20,-10,-13,35,18,20,5,-7,2,8,-1,-4
-10,-13,35,18,20,5,-7,2,8,-1,-4,12
-13,35,18,20,5,-7,2,8,-1,-4,12,-8
35,18,20,5,-7,2,8,-1,-4,12,-8,9
18,20,5,-7,2,8,-1,-4,12,-8,9,2
20,5,-7,2,8,-1,-4,12,-8,9,2,-2
5,-7,2,8,-1,-4,12,-8,9,2,-2,23
-7,2,8,-1,-4,12,-8,9,2,-2,23,21
2,8,-1,-4,12,-8,9,2,-2,23,21,0
8,-1,-4,12,-8,9,2,-2,23,21,0,-24
-1,-4,12,-8,9,2,-2,23,21,0,-24,-2
-4,12,-8,9,2,-2,23,21,0,-24,-2,-3
12,-8,9,2,-2,23,21,0,-24,-2,-3,-3
-8,9,2,-2,23,21,0,-24,-2,-3,-3,3
9,2,-2,23,21,0,-24,-2,-3,-3,3,1
2,-2,23,21,0,-24,-2,-3,-3,3,1,-8
-2,23,21,0,-24,-2,-3,-3,3,1,-8,-9
23,21,0,-24,-2,-3,-3,3,1,-8,-9,2
21,0,-24,-2,-3,-3,3,1,-8,-9,2,-11
0,-24,-2,-3,-3,3,1,-8,-9,2,-11,-10
-24,-2,-3,-3,3,1,-8,-9,2,-11,-10,-5
-2,-3,-3,3,1,-8,-9,2,-11,-10,-5,5
-3,-3,3,1,-8,-9,2,-11,-10,-5,5,22
-3,3,1,-8,-9,2,-11,-10,-5,5,22,-12
3,1,-8,-9,2,-11,-10,-5,5,22,-12,0
1,-8,-9,2,-11,-10,-5,5,22,-12,0,-6
-8,-9,2,-11,-10,-5,5,22,-12,0,-6,6
-9,2,-11,-10,-5,5,22,-12,0,-6,6,4
2,-11,-10,-5,5,22,-12,0,-6,6,4,-10
-11,-10,-5,5,22,-12,0,-6,6,4,-10,-13
-10,-5,5,22,-12,0,-6,6,4,-10,-13,8
-5,5,22,-12,0,-6,6,4,-10,-13,8,1
5,22,-12,0,-6,6,4,-10,-13,8,1,8
22,-12,0,-6,6,4,-10,-13,8,1,8,-6
-12,0,-6,6,4,-10,-13,8,1,8,-6,-11
0,-6,6,4,-10,-13,8,1,8,-6,-11,-9
-6,6,4,-10,-13,8,1,8,-6,-11,-9,9
6,4,-10,-13,8,1,8,-6,-11,-9,9,-1
4,-10,-13,8,1,8,-6,-11,-9,9,-1,0
-10,-13,8,1,8,-6,-11,-9,9,-1,0,-3
-13,8,1,8,-6,-11,-9,9,-1,0,-3,-14
8,1,8,-6,-11,-9,9,-1,0,-3,-14,0
1,8,-6,-11,-9,9,-1,0,-3,-14,0,-10
8,-6,-11,-9,9,-1,0,-3,-14,0,-10,5
-6,-11,-9,9,-1,0,-3,-14,0,-10,5,13
-11,-9,9,-1,0,-3,-14,0,-10,5,13,14
-9,9,-1,0,-3,-14,0,-10,5,13,14,19
9,-1,0,-3,-14,0,-10,5,13,14,19,0
-1,0,-3,-14,0,-10,5,13,14,19,0,6
0,-3,-14,0,-10,5,13,14,19,0,6,-1
-3,-14,0,-10,5,13,14,19,0,6,-1,2
-14,0,-10,5,13,14,19,0,6,-1,2,-4
0,-10,5,13,14,19,0,6,-1,2,-4,-3
-10,5,13,14,19,0,6,-1,2,-4,-3,6
5,13,14,19,0,6,-1,2,-4,-3,6,7
13,14,19,0,6,-1,2,-4,-3,6,7,-7
14,19,0,6,-1,2,-4,-3,6,7,-7,18
19,0,6,-1,2,-4,-3,6,7,-7,18,0
0,6,-1,2,-4,-3,6,7,-7,18,0,-9
6,-1,2,-4,-3,6,7,-7,18,0,-9,10
-1,2,-4,-3,6,7,-7,18,0,-9,10,0
2,-4,-3,6,7,-7,18,0,-9,10,0,3
-4,-3,6,7,-7,18,0,-9,10,0,3,-5
-3,6,7,-7,18,0,-9,10,0,3,-5,1
6,7,-7,18,0,-9,10,0,3,-5,1,1
7,-7,18,0,-9,10,0,3,-5,1,1,-1
-7,18,0,-9,10,0,3,-5,1,1,-1,-8
18,0,-9,10,0,3,-5,1,1,-1,-8,1
0,-9,10,0,3,-5,1,1,-1,-8,1,-13
-9,10,0,3,-5,1,1,-1,-8,1,-13,0
10,0,3,-5,1,1,-1,-8,1,-13,0,14
0,3,-5,1,1,-1,-8,1,-13,0,14,2
3,-5,1,1,-1,-8,1,-13,0,14,2,2
-5,1,1,-1,-8,1,-13,0,14,2,2,-7
1,1,-1,-8,1,-13,0,14,2,2,-7,-6
1,-1,-8,1,-13,0,14,2,2,-7,-6,17
-1,-8,1,-13,0,14,2,2,-7,-6,17,-19
-8,1,-13,0,14,2,2,-7,-6,17,-19,8
1,-13,0,14,2,2,-7,-6,17,-19,8,-8
-13,0,14,2,2,-7,-6,17,-19,8,-8,-12
0,14,2,2,-7,-6,17,-19,8,-8,-12,-10
14,2,2,-7,-6,17,-19,8,-8,-12,-10,10
2,2,-7,-6,17,-19,8,-8,-12,-10,10,-11
2,-7,-6,17,-19,8,-8,-12,-10,10,-11,-21
-7,-6,17,-19,8,-8,-12,-10,10,-11,-21,-3
-6,17,-19,8,-8,-12,-10,10,-11,-21,-3,2
17,-19,8,-8,-12,-10,10,-11,-21,-3,2,-13
-19,8,-8,-12,-10,10,-11,-21,-3,2,-13,11
8,-8,-12,-10,10,-11,-21,-3,2,-13,11,1
-8,-12,-10,10,-11,-21,-3,2,-13,11,1,2
-12,-10,10,-11,-21,-3,2,-13,11,1,2,6
-10,10,-11,-21,-3,2,-13,11,1,2,6,68
10,-11,-21,-3,2,-13,11,1,2,6,68,41
-11,-21,-3,2,-13,11,1,2,6,68,41,-51
-21,-3,2,-13,11,1,2,6,68,41,-51,5
-3,2,-13,11,1,2,6,68,41,-51,5,-5
2,-13,11,1,2,6,68,41,-51,5,-5,-4
-13,11,1,2,6,68,41,-51,5,-5,-4,-71
11,1,2,6,68,41,-51,5,-5,-4,-71,-30
1,2,6,68,41,-51,5,-5,-4,-71,-30,-20
2,6,68,41,-51,5,-5,-4,-71,-30,-20,-15
6,68,41,-51,5,-5,-4,-71,-30,-20,-15,-8
68,41,-51,5,-5,-4,-71,-30,-20,-15,-8,29
41,-51,5,-5,-4,-71,-30,-20,-15,-8,29,-2
-51,5,-5,-4,-71,-30,-20,-15,-8,29,-2,-17
5,-5,-4,-71,-30,-20,-15,-8,29,-2,-17,8
-5,-4,-71,-30,-20,-15,-8,29,-2,-17,8,-3
-4,-71,-30,-20,-15,-8,29,-2,-17,8,-3,-11
-71,-30,-20,-15,-8,29,-2,-17,8,-3,-11,38
-30,-20,-15,-8,29,-2,-17,8,-3,-11,38,-15
-20,-15,-8,29,-2,-17,8,-3,-11,38,-15,2
-15,-8,29,-2,-17,8,-3,-11,38,-15,2,11
-8,29,-2,-17,8,-3,-11,38,-15,2,11,47
29,-2,-17,8,-3,-11,38,-15,2,11,47,18
-2,-17,8,-3,-11,38,-15,2,11,47,18,8
-17,8,-3,-11,38,-15,2,11,47,18,8,6
8,-3,-11,38,-15,2,11,47,18,8,6,-10
-3,-11,38,-15,2,11,47,18,8,6,-10,-4
-11,38,-15,2,11,47,18,8,6,-10,-4,-17
38,-15,2,11,47,18,8,6,-10,-4,-17,-16
-15,2,11,47,18,8,6,-10,-4,-17,-16,-9
2,11,47,18,8,6,-10,-4,-17,-16,-9,0
11,47,18,8,6,-10,-4,-17,-16,-9,0,15
47,18,8,6,-10,-4,-17,-16,-9,0,15,6
18,8,6,-10,-4,-17,-16,-9,0,15,6,-24
8,6,-10,-4,-17,-16,-9,0,15,6,-24,-9
6,-10,-4,-17,-16,-9,0,15,6,-24,-9,-15
-10,-4,-17,-16,-9,0,15,6,-24,-9,-15,-4
-4,-17,-16,-9,0,15,6,-24,-9,-15,-4,3
-17,-16,-9,0,15,6,-24,-9,-15,-4,3,3
-16,-9,0,15,6,-24,-9,-15,-4,3,3,-22
-9,0,15,6,-24,-9,-15,-4,3,3,-22,-12
0,15,6,-24,-9,-15,-4,3,3,-22,-12,90
15,6,-24,-9,-15,-4,3,3,-22,-12,90,-8
6,-24,-9,-15,-4,3,3,-22,-12,90,-8,37
-24,-9,-15,-4,3,3,-22,-12,90,-8,37,-19
-9,-15,-4,3,3,-22,-12,90,-8,37,-19,-1
-15,-4,3,3,-22,-12,90,-8,37,-19,-1,-20
-4,3,3,-22,-12,90,-8,37,-19,-1,-20,38
3,3,-22,-12,90,-8,37,-19,-1,-20,38,-47
3,-22,-12,90,-8,37,-19,-1,-20,38,-47,17
-22,-12,90,-8,37,-19,-1,-20,38,-47,17,28
-12,90,-8,37,-19,-1,-20,38,-47,17,28,-23
90,-8,37,-19,-1,-20,38,-47,17,28,-23,14
-8,37,-19,-1,-20,38,-47,17,28,-23,14,1
37,-19,-1,-20,38,-47,17,28,-23,14,1,-21
-19,-1,-20,38,-47,17,28,-23,14,1,-21,18
-1,-20,38,-47,17,28,-23,14,1,-21,18,-37
-20,38,-47,17,28,-23,14,1,-21,18,-37,37
38,-47,17,28,-23,14,1,-21,18,-37,37,22
-47,17,28,-23,14,1,-21,18,-37,37,22,1
17,28,-23,14,1,-21,18,-37,37,22,1,12
28,-23,14,1,-21,18,-37,37,22,1,12,-8
-23,14,1,-21,18,-37,37,22,1,12,-8,4
14,1,-21,18,-37,37,22,1,12,-8,4,4
1,-21,18,-37,37,22,1,12,-8,4,4,12
-21,18,-37,37,22,1,12,-8,4,4,12,9
18,-37,37,22,1,12,-8,4,4,12,9,11
-37,37,22,1,12,-8,4,4,12,9,11,11
37,22,1,12,-8,4,4,12,9,11,11,-26
22,1,12,-8,4,4,12,9,11,11,-26,-17
1,12,-8,4,4,12,9,11,11,-26,-17,-11
12,-8,4,4,12,9,11,11,-26,-17,-11,-11
-8,4,4,12,9,11,11,-26,-17,-11,-11,-16
4,4,12,9,11,11,-26,-17,-11,-11,-16,-14
4,12,9,11,11,-26,-17,-11,-11,-16,-14,-5
12,9,11,11,-26,-17,-11,-11,-16,-14,-5,16
9,11,11,-26,-17,-11,-11,-16,-14,-5,16,-33
11,11,-26,-17,-11,-11,-16,-14,-5,16,-33,-8
11,-26,-17,-11,-11,-16,-14,-5,16,-33,-8,-14
-26,-17,-11,-11,-16,-14,-5,16,-33,-8,-14,60
-17,-11,-11,-16,-14,-5,16,-33,-8,-14,60,2
-11,-11,-16,-14,-5,16,-33,-8,-14,60,2,-28
-11,-16,-14,-5,16,-33,-8,-14,60,2,-28,5
-16,-14,-5,16,-33,-8,-14,60,2,-28,5,-27
-14,-5,16,-33,-8,-14,60,2,-28,5,-27,10